{"cameraMode":{"drawMode":0,"name":"Shaded","section":"Shading Mode"},"sceneLighting":true,"audioPlay":false,"sceneViewState":{"showFog":true,"showMaterialUpdate":false,"showSkybox":true,"showFlares":true,"showImageEffects":true,"showParticleSystems":true},"in2DMode":false,"pivot":{"x":549.4796752929688,"y":733.3155517578125,"z":806.01806640625},"rotation":{"x":0.17163042724132539,"y":-0.012708408758044243,"z":0.002214252483099699,"w":0.9850769639015198},"size":3562.912109375,"orthographic":false}